ra,dec,deVRad_r,z,diametro_kpc
195.228149806243,28.6910129100988,4.372199,0.1427402,21.692389031171963
194.030524805387,28.5037961752654,2.048535,0.1456439,10.337498243346252
195.065275870061,28.6048933589481,3.368453,0.1790612,20.15493806798556
194.533297911335,28.5288196760934,1.578226,0.3582131,15.726885899912054
194.758987916984,28.4684089186436,1.266879,0.1836596,7.736727283465092
195.211503417779,28.4199402787245,1.402848,0.2216189,9.930288201315104
194.639623949222,27.2688585481131,1.615136,0.1531809,8.501956090329347
194.709210108925,27.1836533816958,2.677054,0.1569921,14.382637185097684
193.823437815545,27.6576220495917,2.503946,0.1367879,11.983205252294859
195.408071698992,27.5911831062106,3.231695,0.1270317,14.51838675380691
194.823356568157,28.1845852179244,2.17545,0.1594996,11.842112767127151
195.831283503321,28.0290602814108,1.087366,0.1616884,5.98609736477948
194.376579571566,27.4692158257673,3.007844,0.1274186,13.548090301046111
194.69204321152,27.5024994585339,2.549829,0.2848061,21.732975745246918
195.046027984395,27.4807763063309,2.486221,0.1568877,13.350007743749279
194.66077246157,27.9432627281696,1.693767,0.156305,9.066812344720034
194.669748340951,27.9204146375466,3.649304,0.1672873,20.65998611628043
194.693613513393,27.9017945842255,7.922716,0.1579231,42.7743945071753
195.640612606486,27.8705127455454,2.437738,0.4284874,27.15985377929266
195.449398649481,28.4857545263287,2.17897,0.16576,12.243488214357024
195.485725908439,28.38865961879,8.023178,0.162522,44.35630042149313
195.012876196564,27.1935991189659,2.957144,0.1200169,12.649389088840746
195.205139616488,27.2907189576043,2.188406,0.1453615,11.025322393844535
195.246196338508,27.1865087246676,3.122533,0.1575392,16.824454155405878
194.12321609798,27.8141116135251,9.890627,0.1558827,52.82619566254783
194.21999022961,27.7710148260786,1.077117,0.3261739,10.08669226544722
194.640700746178,27.6746470239857,0.7420492,0.1887735,4.632418807723249
195.027780479926,27.7211090379101,1.7255,0.145541,8.702198624909673
195.098931656182,27.6631009282603,1.630634,0.3783316,16.829230691413247
193.969260359415,28.1194442304042,1.95357,0.1114079,7.831880861064106
195.117187497574,28.0696877683651,1.015933,0.3913586,10.710672951649826
194.400123134897,27.111944804729,1.476926,0.4216157,16.296835191658335
194.461176425808,27.110985822637,2.427588,0.1374111,11.66270854893956
195.348076606807,27.0558510191061,4.092218,0.20148,26.90014082177036
195.173066392999,27.416572472815,2.315047,0.460778,26.908893133416626
195.833577740949,27.441175011748,1.362017,0.1123856,5.5022463005521525
194.817596446877,27.9863258063278,3.297235,0.1584034,17.84645218009091
195.21967831891,27.8256283071179,19.12056,0.4536214,220.26118214809603
195.563798205365,27.9175560920431,1.821445,0.1613622,10.010612451936431
195.972299671211,27.7908791857838,2.313478,0.3624574,23.230309535455937
195.183036891753,28.1922284079437,1.767783,0.1895842,11.073614354615394
195.363800424933,28.1821369634544,2.273579,0.162743,12.583605347604776
195.436836096382,28.1922556962381,0.5154195,0.3718939,5.261687216095133
195.459397047307,28.6882570165227,1.444115,0.4194039,15.884492462712954
194.867362688194,28.632549424907,1.862758,0.3802814,19.287571346567752
195.429730745277,28.7381308881483,5.044978,0.2217398,35.726652810916626
194.783649517255,28.9362877175009,1.932564,0.1799506,11.60973045804844
194.743361080023,28.8808330853338,3.03602,0.4092957,32.90468932190052
193.971019300864,27.4014624001369,0.5114425,0.3156533,4.683727011210744
194.450387376016,27.2472912621953,1.860012,0.2864125,15.916941571081724
195.390089533688,27.1621487210998,1.979287,0.2334629,14.577944788065425
195.370043858333,27.2656602785589,25.85839,0.687535,366.76176214235966
193.986384223716,27.8210065438648,9.892162,0.1567214,53.07022689474563
194.249132031063,27.6933621431458,6.373798,0.1663025,35.910085573661306
194.752252257351,27.7674254719526,4.612922,0.2285847,33.43508698065469
195.052839431676,27.719827345195,1.504099,0.1454265,7.580591225790322
195.473273903821,27.6009990360232,5.710158,0.1595515,31.091740573821493
195.832669565732,27.692862765851,1.039074,0.1797488,6.236507760016991
195.875030868779,27.5511857477183,1.482234,0.1264376,6.6321524618844485
194.575458032988,28.0705323543478,1.902751,0.1573539,10.242176390929954
195.629267996722,28.1454476396348,2.781371,0.161861,15.325301762659942
195.672999680317,28.1363001859613,2.374883,0.164457,13.258094375356125
195.933882645158,28.0392315086498,1.230937,0.4347182,13.832218309118343
194.966840267118,26.9709452637165,7.393939,0.1140925,30.265821387437015
194.364869204144,27.4369643344882,1.245346,0.1271661,5.599802002521131
194.381245857143,27.4342753724937,2.148653,0.1271829,9.662693912205606
195.844293869474,27.4145087184229,8.082002,0.1091845,31.833227341584468
194.705761041141,27.9107645829938,2.179128,0.157461,11.736482882641289
195.367289154784,27.8518264554019,0.3433885,0.242304,2.600915670819468
195.770609886136,28.1853868918956,5.117278,0.1638133,28.475894252073367
195.333887933946,28.6048091361377,2.498929,0.164216,13.93378864881565
194.209216380697,28.5225876611512,4.216895,0.1651711,23.62532129523828
194.319736623766,28.482311272732,1.663825,0.1894263,10.415482694002394
195.059537963197,28.4740853817347,1.780301,0.3215011,16.509333623626414
195.104984248133,28.4458219350531,1.943184,0.4367336,21.895462444589167
194.335850112679,27.2310261177403,1.474163,0.2013091,9.683925527055083
194.566615287198,27.3551256962948,1.488896,0.4070837,16.083506205880592
194.599377205862,27.2725112138406,4.10756,0.1207981,17.669395978115855
194.725626364429,27.1922468507053,1.982762,0.1874955,12.310856420031252
195.245746001225,27.1966587117327,2.084411,0.1836122,12.726689488253795
194.21870119254,27.7044881799494,2.176493,0.1530354,11.44783018557043
194.270328895569,27.7536391821433,1.724962,0.4087209,18.679294659498797
195.17303493199,28.8388175677902,2.297076,0.2961435,20.12609404430906
194.907439179199,27.7025874736953,1.473122,0.1271188,6.6218985346138455
195.010186401929,27.6128374911713,5.460629,0.1127369,22.120006284132078
195.615004492895,27.6059875024935,2.531565,0.2135994,17.417769987957023
195.280675084552,28.1215670225702,4.299015,0.1520883,22.495058240540796
195.812506052206,28.124096517774,2.56933,0.1630433,14.242107515186333
194.478587557551,27.0575626127076,1.141615,0.1370422,5.472085076139176
194.650286775577,27.1504093352767,1.082535,0.1207512,4.655150368994757
194.004914652904,27.959051374328,2.261376,0.156358,12.108655960173628
194.462155132069,27.8460022210139,3.531237,0.190468,22.202287149849425
194.6355242267,27.8497274140934,1.030634,0.158717,5.587499096829716
194.674659875204,27.9221740726763,1.507914,0.1590282,8.188295217257199
195.977324433844,27.7532174471062,2.865978,0.162505,15.843251347456418
194.672055579437,28.2878501689107,0.8616514,0.2846226,7.340753211394473
195.491177663535,28.3032864478061,2.341914,0.1619864,12.912143657992173
195.902971386765,28.3074764311852,3.902908,0.2211709,27.584474975435093
193.998018360162,28.4869289175238,1.665359,0.1428093,8.265947082026269
194.013506043289,28.4730912351307,2.411243,0.1415029,11.875634903168528
194.02289638875,28.5058695663059,3.295942,0.1433972,16.416048503442298
195.380669316311,28.6489240959156,3.492752,0.1640673,19.460748237998626
195.003063960814,28.7504087785782,7.939262,0.1634899,44.10749299125128
194.212701222836,28.5515401624521,1.2846,0.320471,11.886542903245823
194.287913706433,27.3679928114047,1.763472,0.4409185,19.982079228453916
195.338798773711,27.2670421645873,3.018192,0.4053685,32.51928310227168
195.083842247409,27.6157056409376,1.913855,0.1449893,9.621348728154507
194.407392499173,28.1457869321899,2.060981,0.1506074,10.696561928367004
194.708580861777,28.0539881137686,1.573698,0.1522499,8.241841269953666
194.843292993773,28.1292072553803,6.374692,0.194233,40.70886244829252
194.815053939531,26.9675367816696,12.32535,0.1452916,62.07075154913957
194.358211766765,27.4051329604851,6.141866,0.127321,27.646313267796277
194.490208067036,27.4433347323836,3.196007,0.2104087,21.733773787296567
194.610609731817,27.403992531804,2.405797,0.4393175,27.202260443795428
195.01688258829,27.5126877025757,7.942549,0.1272077,35.72437169107259
195.759060837167,27.3287123010566,5.256618,0.1555185,28.021292518792283
194.515763405631,27.9338242376576,3.91961,0.2611036,31.377208935269373
195.791261307246,27.8203856169889,11.31992,0.1215801,48.96732073482802
194.156659180692,28.305941586566,1.677381,0.3158659,15.36833259601187
194.28179664099,28.2599941293079,5.085825,0.1542329,26.92439169312587
194.713294501208,28.2483411877197,3.891021,0.1665094,21.944441755715353
195.359800492738,28.2207793288495,2.191858,0.1523012,11.48252204595631
195.235378092234,28.2805446399639,1.629132,0.3679965,16.519229683867003
194.88353197972,28.767011370018,1.063506,0.4628475,12.393256359667856
193.97923702867,28.5188791610962,2.042573,0.2550323,16.0709613451255
194.036234574902,28.495489744518,1.719581,0.1437441,8.582147336521306
194.045578242514,28.5434099655108,2.797731,0.1445868,14.031916449440885
194.508327614179,28.4563605444073,2.169901,0.1612748,11.920387577659165
195.471430818987,28.4175074087303,1.684709,0.2222996,11.95358512760867
194.042552873156,27.3636551497695,1.519388,0.2291359,11.032935125585954
194.381126203417,27.384632962183,1.981073,0.1880424,12.32904356826127
194.785834651658,27.3671358775151,1.896237,0.1394787,9.226056956030918
194.279489499208,28.6572089254389,1.671285,0.1487862,8.586193719537992
195.229847256089,28.8033654018035,1.906921,0.1665704,10.757815545762929
194.667980111757,27.6650406873568,2.450279,0.2829781,20.788942349903436
193.980749689872,28.1000857261917,1.71183,0.1544508,9.073089868375593
195.63455026909,28.0213772788009,3.382212,0.1605821,18.514339707623336
194.899483409013,27.0890711764792,2.330031,0.1391583,11.31460262912254
194.791617312845,27.8872759637162,2.88615,0.2842142,24.56315531471555
193.943567856282,28.4574412206376,1.824259,0.2595427,14.53951543543239
195.242798256642,28.3613201482886,3.06041,0.1435738,15.25875681531574
195.721444601723,28.2503673085972,1.633928,0.2522933,12.753617040268306
193.965418551933,28.5155707026911,2.874168,0.262529,23.10005016486754
194.036226920002,28.4847982517604,1.99049,0.1422617,9.847750259568075
194.416995691638,28.4504398854066,0.6530582,0.4127231,7.113906929665378
195.202404360237,28.4143170001203,3.046196,0.1436567,15.195276994843212
194.373825882384,28.7438604505075,4.605636,0.1646509,25.736476647510003
194.665567417421,27.3018067056533,1.414323,0.3282817,13.302206630548563
194.137411428867,27.8274032632815,2.78282,0.1889007,17.381761938326033
194.502862140439,27.8033062743615,1.398232,0.1120438,5.633517788030426
195.365769206875,27.6932337303564,1.860372,0.2131834,12.780471139419081
195.751487128532,27.6117322098989,3.646145,0.1595885,19.85702135195486
194.21929131755,27.1842196023129,1.421823,0.2010621,9.331081889963574
194.938450491772,27.4510478828732,2.415873,0.1210304,10.40960343184743
194.864873630887,27.4054924974124,1.875373,0.3946675,19.875349125882458
194.488521223767,27.8092977774282,1.880046,0.1123694,7.594011036182827
194.632082698935,27.8528724291194,1.63415,0.2095207,11.076165862438577
195.499763117672,27.7840874136442,3.297409,0.2556219,25.98820929816914
194.904027128526,28.4806454969945,10.4934,0.1437696,52.378669002351565
195.171933217562,28.4550079095845,1.331899,0.1445744,6.679608032780745
195.204632400079,28.4637010336769,2.046136,0.3962415,21.73872160147557
194.770499294517,28.8956921697656,2.819956,0.4098906,30.590030214264104
194.862938073005,27.2598959856794,2.759052,0.1880695,17.172708925493666
194.899614617548,27.2618614852929,1.477739,0.214624,10.204954561583044
195.378433221704,27.3037504688486,6.37488,0.1473716,32.489629909328535
195.479082505384,27.1642977989979,4.27719,0.2044369,28.439476633512065
195.424241185455,27.1208241086323,5.527059,0.2022658,36.44338808505648
194.307751496589,28.2176060871586,2.86186,0.2599745,22.837110389534732
194.56335150504,27.1047074776565,4.179879,0.1760421,24.668256281270406
194.890702605262,27.1016812471785,6.465939,0.1421337,31.96529107320499
193.896910125097,27.518057604659,2.40302,0.4228139,26.560796622149912
195.053831789297,27.3965124924273,5.51643,0.2984323,48.59422045168191
195.626934564136,27.4081476459827,3.383605,0.2277763,24.458741190272907
194.044017326648,27.8623936044475,2.341473,0.1564261,12.54207115100099
194.077999712473,27.876387607518,1.414548,0.1555014,7.539798867304156
194.014671883334,27.9184825939358,1.665829,0.1541399,8.814484906786468
194.050374452647,28.0184082575151,4.937147,0.1114794,19.804190436921047
194.791553421884,28.2921338221619,1.871678,0.4087487,20.268896135350655
195.297446541986,28.3379045686398,8.32727,0.2220844,59.04093719978871
